date,Smax
2021-01-01,0.248897
2021-01-02,0.445216
2021-01-03,0.307246
2021-01-04,0.760677
2021-01-05,0.735665
2021-01-06,0.761768
2021-01-07,0.774266
2021-01-08,0.807742
2021-01-09,0.569369
2021-01-10,0.313549
2021-01-11,0.748168
2021-01-12,0.768016
2021-01-13,0.768016
2021-01-14,0.78163
2021-01-15,0.755521
2021-01-16,0.523794
2021-01-17,0.305962
2021-01-18,0.739182
2021-01-19,0.793024
2021-01-20,0.793024
2021-01-21,0.495328
2021-01-22,0.811795
2021-01-23,0.54904
2021-01-24,0.313549
2021-01-25,0.787874
2021-01-26,0.805536
2021-01-27,0.802679
2021-01-28,0.76532
2021-01-29,0.77281
2021-01-30,0.553094
2021-01-31,0.293316
2021-02-01,0.761768
2021-02-02,0.816351
2021-02-03,0.77032
2021-02-04,0.955852
2021-02-05,1.0
2021-02-06,0.681438
2021-02-07,0.330458
2021-02-08,0.865073
2021-02-09,0.878695
2021-02-10,0.892334
2021-02-11,0.866214
2021-02-12,0.84127
2021-02-13,0.521619
2021-02-14,0.301759
2021-02-15,0.613497
2021-02-16,0.613497
2021-02-17,0.745134
2021-02-18,0.844139
2021-02-19,0.859976
2021-02-20,0.612819
2021-02-21,0.326158
2021-02-22,0.88107
2021-02-23,0.893526
2021-02-24,0.863974
2021-02-25,0.824314
2021-02-26,0.617962
2021-02-27,0.450622
2021-02-28,0.295473
2021-03-01,0.705629
2021-03-02,0.763968
2021-03-03,0.778431
2021-03-04,0.779451
2021-03-05,0.779451
2021-03-06,0.560518
2021-03-07,0.324936
2021-03-08,0.830576
2021-03-09,0.832721
2021-03-10,0.852583
2021-03-11,0.826474
2021-03-12,0.786935
2021-03-13,
2021-03-14,0.0
2021-03-15,0.297452
2021-03-16,0.798236
2021-03-17,0.773192
2021-03-18,0.691371
2021-03-19,0.76491
2021-03-20,0.277616
2021-03-21,0.270353
2021-03-22,0.784699
2021-03-23,0.779451
2021-03-24,0.757689
2021-03-25,0.724487
2021-03-26,0.845196
2021-03-27,0.319388
2021-03-28,0.282165
2021-03-29,0.430218
2021-03-30,0.422793
2021-03-31,0.436023
2021-04-01,0.449693
2021-04-02,0.299421
2021-04-03,0.331814
2021-04-04,0.267499
2021-04-05,0.818054
2021-04-06,0.77653
2021-04-07,0.811795
2021-04-08,0.79928
2021-04-09,0.247504
2021-04-10,0.533085
2021-04-11,0.244186
2021-04-12,0.27371
2021-04-13,0.784699
2021-04-14,0.777457
2021-04-15,0.670965
2021-04-16,0.745134
2021-04-17,0.514908
2021-04-18,0.272477
2021-04-19,0.757689
2021-04-20,0.785712
2021-04-21,0.671698
2021-04-22,0.79928
2021-04-23,0.818054
2021-04-24,0.534286
2021-04-25,0.308951
2021-04-26,0.818054
2021-04-27,0.286147
2021-04-28,0.76491
2021-04-29,0.783732
2021-04-30,0.711063
2021-05-01,0.393511
2021-05-02,0.295473
2021-05-03,0.751411
2021-05-04,0.676597
2021-05-05,0.717356
2021-05-06,0.717356
2021-05-07,0.743353
2021-05-08,0.541049
2021-05-09,0.284957
2021-05-10,0.7182
2021-05-11,0.76491
2021-05-12,0.730775
2021-05-13,0.598026
2021-05-14,0.565609
2021-05-15,0.476116
2021-05-16,0.282908
2021-05-17,0.729944
2021-05-18,0.249605
2021-05-19,0.258053
2021-05-20,0.716563
2021-05-21,0.742536
2021-05-22,0.508571
2021-05-23,0.308046
2021-05-24,0.76491
2021-05-25,0.737064
2021-05-26,0.755935
2021-05-27,0.730775
2021-05-28,0.730775
2021-05-29,0.501671
2021-05-30,0.291203
2021-05-31,0.719094
2021-06-01,0.267499
2021-06-02,0.730775
2021-06-03,0.631157
2021-06-04,0.711914
2021-06-05,0.261293
2021-06-06,0.241416
2021-06-07,0.711914
2021-06-08,0.724487
2021-06-09,0.697668
2021-06-10,0.7182
2021-06-11,0.710264
2021-06-12,0.296409
2021-06-13,0.255092
2021-06-14,0.750504
2021-06-15,0.623793
2021-06-16,0.73624
2021-06-17,0.76491
2021-06-18,0.652047
2021-06-19,0.45693
2021-06-20,0.272477
2021-06-21,0.7182
2021-06-22,0.717356
2021-06-23,0.579031
2021-06-24,0.546954
2021-06-25,0.612819
2021-06-26,0.45693
2021-06-27,0.271357
2021-06-28,0.658352
2021-06-29,0.665398
2021-06-30,0.637478
2021-07-01,0.673326
2021-07-02,0.67878
2021-07-03,0.444277
2021-07-04,0.267499
2021-07-05,0.644391
2021-07-06,0.684301
2021-07-07,0.69219
2021-07-08,0.644391
2021-07-09,0.805168
2021-07-10,0.495328
2021-07-11,0.278715
2021-07-12,0.671698
2021-07-13,0.665398
2021-07-14,0.665398
2021-07-15,0.652047
2021-07-16,0.67878
2021-07-17,0.444237
2021-07-18,0.278715
2021-07-19,0.63176
2021-07-20,0.664658
2021-07-21,0.612819
2021-07-22,0.579496
2021-07-23,0.599562
2021-07-24,0.437891
2021-07-25,0.261293
2021-07-26,0.65135
2021-07-27,0.666192
2021-07-28,0.690603
2021-07-29,0.677272
2021-07-30,0.670965
2021-07-31,0.469622
2021-08-01,0.267499
2021-08-02,0.624837
2021-08-03,0.626112
2021-08-04,0.5727
2021-08-05,0.406329
2021-08-06,0.585363
2021-08-07,0.45693
2021-08-08,0.267499
2021-08-09,0.663341
2021-08-10,0.559623
2021-08-11,0.625446
2021-08-12,0.611638
2021-08-13,0.565609
2021-08-14,0.450622
2021-08-15,0.270353
2021-08-16,0.644391
2021-08-17,0.645743
2021-08-18,0.663341
2021-08-19,0.645039
2021-08-20,0.605314
2021-08-21,0.437891
2021-08-22,0.27371
2021-08-23,0.664658
2021-08-24,0.664658
2021-08-25,0.67878
2021-08-26,0.664658
2021-08-27,0.691371
2021-08-28,0.476301
2021-08-29,0.284957
2021-08-30,0.689888
2021-08-31,0.75691
2021-09-01,0.67878
2021-09-02,0.670965
2021-09-03,0.691371
2021-09-04,0.502234
2021-09-05,0.295473
2021-09-06,0.691371
2021-09-07,0.312865
2021-09-08,0.730775
2021-09-09,0.724487
2021-09-10,0.731655
2021-09-11,0.495577
2021-09-12,0.320627
2021-09-13,0.755935
2021-09-14,0.745134
2021-09-15,0.771183
2021-09-16,0.76491
2021-09-17,0.76491
2021-09-18,0.502234
2021-09-19,0.314336
2021-09-20,0.482461
2021-09-21,0.784699
2021-09-22,0.790968
2021-09-23,0.785712
2021-09-24,0.730775
2021-09-25,0.508014
2021-09-26,0.326158
2021-09-27,0.743353
2021-09-28,0.719094
2021-09-29,0.757689
2021-09-30,0.763968
2021-10-01,0.777457
2021-10-02,0.534286
2021-10-03,0.314336
2021-10-04,0.797238
2021-10-05,0.783732
2021-10-06,0.79928
2021-10-07,0.790008
2021-10-08,0.797238
2021-10-09,0.566369
2021-10-10,0.326921
2021-10-11,0.719094
2021-10-12,0.368496
2021-10-13,0.8233
2021-10-14,0.770248
2021-10-15,0.77653
2021-10-16,0.534719
2021-10-17,0.332465
2021-10-18,0.778431
2021-10-19,0.8233
2021-10-20,0.825372
2021-10-21,0.830576
2021-10-22,0.84634
2021-10-23,0.573702
2021-10-24,0.331814
2021-10-25,0.845218
2021-10-26,0.824314
2021-10-27,0.818054
2021-10-28,0.793024
2021-10-29,0.777457
2021-10-30,0.534719
2021-10-31,0.332465
2021-11-01,0.693062
2021-11-02,0.332465
2021-11-03,0.830576
2021-11-04,0.874845
2021-11-05,0.878695
2021-11-06,0.586928
2021-11-07,0.351393
2021-11-08,0.818666
2021-11-09,0.891182
2021-11-10,0.892334
2021-11-11,0.859976
2021-11-12,0.852583
2021-11-13,0.567981
2021-11-14,0.337589
2021-11-15,0.387165
2021-11-16,0.903673
2021-11-17,0.844139
2021-11-18,0.845218
2021-11-19,0.857721
2021-11-20,0.586928
2021-11-21,0.363413
2021-11-22,0.891182
2021-11-23,0.893526
2021-11-24,0.884938
2021-11-25,0.88107
2021-11-26,0.905987
2021-11-27,0.60719
2021-11-28,0.29294
2021-11-29,0.878695
2021-11-30,0.893526
2021-12-01,0.905987
2021-12-02,0.909757
2021-12-03,0.893526
2021-12-04,0.619804
2021-12-05,0.368128
2021-12-06,0.922177
2021-12-07,0.887297
2021-12-08,0.554741
2021-12-09,0.919657
2021-12-10,0.879862
2021-12-11,0.600885
2021-12-12,0.418894
2021-12-13,0.905987
2021-12-14,0.900981
2021-12-15,0.884938
2021-12-16,0.88107
2021-12-17,0.863974
2021-12-18,0.600885
2021-12-19,0.352198
2021-12-20,0.833858
2021-12-21,0.825372
2021-12-22,0.791973
2021-12-23,0.365786
2021-12-24,0.628452
2021-12-25,0.256514
2021-12-26,0.337589
2021-12-27,0.746098
2021-12-28,
2021-12-29,
2021-12-30,
2021-12-31,0.260013
2022-01-01,0.258053
2022-01-02,0.331262
2022-01-03,0.725374
2022-01-04,0.750504
2022-01-05,0.731655
2022-01-06,0.738859
2022-01-07,0.793024
2022-01-08,
2022-01-09,
2022-01-10,
2022-01-11,
2022-01-12,0.284957
2022-01-13,0.79928
2022-01-14,0.779451
2022-01-15,0.502234
2022-01-16,0.326158
2022-01-17,0.757689
2022-01-18,0.778431
2022-01-19,0.79928
2022-01-20,0.820228
2022-01-21,0.779451
2022-01-22,0.548421
2022-01-23,0.326158
2022-01-24,0.824314
2022-01-25,0.812867
2022-01-26,0.830576
2022-01-27,0.745134
2022-01-28,0.752367
2022-01-29,0.482643
2022-01-30,0.314336
2022-01-31,0.826474
2022-02-01,0.826474
2022-02-02,0.825372
2022-02-03,0.838969
2022-02-04,0.818054
2022-02-05,0.567981
2022-02-06,0.332465
2022-02-07,0.840098
2022-02-08,0.853739
2022-02-09,0.836839
2022-02-10,0.845218
2022-02-11,0.886097
2022-02-12,0.580023
2022-02-13,0.369231
2022-02-14,0.899756
2022-02-15,0.884938
2022-02-16,0.878695
2022-02-17,0.863974
2022-02-18,0.843103
2022-02-19,0.566844
2022-02-20,0.351393
2022-02-21,0.877569
2022-02-22,0.863974
2022-02-23,0.865073
2022-02-24,0.852583
2022-02-25,0.851469
2022-02-26,0.580023
2022-02-27,0.331262
2022-02-28,0.521619
2022-03-01,0.431705
2022-03-02,0.725374
2022-03-03,0.905987
2022-03-04,0.891182
2022-03-05,0.534719
2022-03-06,0.326921
2022-03-07,0.838969
2022-03-08,0.856657
2022-03-09,0.871321
2022-03-10,0.865073
2022-03-11,0.878695
2022-03-12,0.580023
2022-03-13,0.344451
2022-03-14,0.872454
2022-03-15,0.866214
2022-03-16,0.849368
2022-03-17,0.88107
2022-03-18,0.857721
2022-03-19,0.586928
2022-03-20,0.350244
2022-03-21,0.857721
2022-03-22,0.809782
2022-03-23,0.838969
2022-03-24,0.763968
2022-03-25,0.832721
2022-03-26,0.520938
2022-03-27,0.326158
2022-03-28,0.866214
2022-03-29,0.870229
2022-03-30,0.877569
2022-03-31,0.851469
2022-04-01,0.891182
2022-04-02,0.560518
2022-04-03,0.332465
2022-04-04,0.836839
2022-04-05,0.844139
2022-04-06,0.811795
2022-04-07,0.872454
2022-04-08,0.843103
2022-04-09,0.560038
2022-04-10,0.344451
2022-04-11,0.851469
2022-04-12,0.866214
2022-04-13,0.808843
2022-04-14,0.69219
2022-04-15,0.27371
2022-04-16,0.528895
2022-04-17,0.355816
2022-04-18,0.911051
2022-04-19,0.892334
2022-04-20,0.872454
2022-04-21,0.406329
2022-04-22,0.804501
2022-04-23,0.534286
2022-04-24,0.331262
2022-04-25,0.826474
2022-04-26,0.859976
2022-04-27,0.801501
2022-04-28,0.832721
2022-04-29,0.79928
2022-04-30,0.548421
2022-05-01,0.337589
2022-05-02,0.845218
2022-05-03,0.850397
2022-05-04,0.863974
2022-05-05,0.809782
2022-05-06,0.798236
2022-05-07,0.560518
2022-05-08,0.326158
2022-05-09,0.811795
2022-05-10,0.777457
2022-05-11,0.773192
2022-05-12,0.790968
2022-05-13,0.797238
2022-05-14,0.547378
2022-05-15,0.331262
2022-05-16,0.826474
2022-05-17,0.84634
2022-05-18,0.830576
2022-05-19,0.852583
2022-05-20,0.863974
2022-05-21,0.554741
2022-05-22,0.320627
2022-05-23,0.730775
2022-05-24,0.72365
2022-05-25,0.65135
2022-05-26,0.746098
2022-05-27,0.7182
2022-05-28,0.437891
2022-05-29,0.308046
2022-05-30,0.751411
2022-05-31,0.697668
2022-06-01,0.711063
2022-06-02,0.875867
2022-06-03,0.698481
2022-06-04,0.469772
2022-06-05,0.313549
2022-06-06,0.698481
2022-06-07,0.691371
2022-06-08,0.750504
2022-06-09,0.63176
2022-06-10,0.697668
2022-06-11,0.469772
2022-06-12,0.313549
2022-06-13,0.737064
2022-06-14,0.731655
2022-06-15,0.7182
2022-06-16,0.541543
2022-06-17,0.6528
2022-06-18,0.483626
2022-06-19,0.326158
2022-06-20,0.711063
2022-06-21,0.731655
2022-06-22,0.605314
2022-06-23,0.502621
2022-06-24,0.229274
2022-06-25,0.387121
2022-06-26,0.305962
2022-06-27,0.670285
2022-06-28,0.67878
2022-06-29,0.565957
2022-06-30,0.663972
2022-07-01,0.652047
2022-07-02,0.469772
2022-07-03,0.291203
2022-07-04,0.611638
2022-07-05,0.652047
2022-07-06,0.677999
2022-07-07,0.598991
2022-07-08,0.600194
2022-07-09,0.450932
2022-07-10,0.308046
2022-07-11,0.612199
2022-07-12,0.652047
2022-07-13,0.670965
2022-07-14,0.684301
2022-07-15,0.645743
2022-07-16,0.457274
2022-07-17,0.295473
2022-07-18,0.598991
2022-07-19,0.645743
2022-07-20,0.645743
2022-07-21,0.586345
2022-07-22,0.560038
2022-07-23,0.444394
2022-07-24,0.300945
2022-07-25,0.614233
2022-07-26,0.638729
2022-07-27,0.65135
2022-07-28,0.684434
2022-07-29,0.664658
2022-07-30,0.476301
2022-07-31,0.313549
2022-08-01,0.666192
2022-08-02,0.65135
2022-08-03,0.638075
2022-08-04,0.639439
2022-08-05,0.342893
2022-08-06,0.457083
2022-08-07,0.755594
2022-08-08,0.685075
2022-08-09,0.700261
2022-08-10,0.706537
2022-08-11,0.711914
2022-08-12,0.690603
2022-08-13,0.476559
2022-08-14,0.314336
2022-08-15,0.691371
2022-08-16,0.720038
2022-08-17,0.677272
2022-08-18,0.698481
2022-08-19,0.693062
2022-08-20,0.457541
2022-08-21,0.331262
2022-08-22,0.664658
2022-08-23,0.605314
2022-08-24,0.664658
2022-08-25,0.652047
2022-08-26,0.664658
2022-08-27,0.438248
2022-08-28,0.325497
2022-08-29,0.685901
2022-08-30,0.677999
2022-08-31,0.664658
2022-09-01,0.677272
2022-09-02,0.652047
2022-09-03,0.47689
2022-09-04,0.325497
2022-09-05,0.63176
2022-09-06,0.652047
2022-09-07,0.314336
2022-09-08,0.6528
2022-09-09,0.677272
2022-09-10,0.470219
2022-09-11,0.325497
2022-09-12,0.706537
2022-09-13,0.720038
2022-09-14,0.704772
2022-09-15,0.72631
2022-09-16,0.697668
2022-09-17,0.514908
2022-09-18,0.326158
2022-09-19,0.47689
2022-09-20,0.743353
2022-09-21,0.757689
2022-09-22,0.76491
2022-09-23,0.758638
2022-09-24,0.535219
2022-09-25,0.355816
2022-09-26,0.763074
2022-09-27,0.757689
2022-09-28,0.746098
2022-09-29,0.758638
2022-09-30,0.738859
2022-10-01,0.522572
2022-10-02,0.258053
2022-10-03,0.719094
2022-10-04,0.765898
2022-10-05,0.765898
2022-10-06,0.784699
2022-10-07,0.78163
2022-10-08,0.536416
2022-10-09,0.350244
2022-10-10,0.819119
2022-10-11,0.785712
2022-10-12,0.374429
2022-10-13,0.79928
2022-10-14,0.758638
2022-10-15,0.503606
2022-10-16,0.350244
2022-10-17,0.76491
2022-10-18,0.818054
2022-10-19,0.773192
2022-10-20,0.779451
2022-10-21,0.779451
2022-10-22,0.535219
2022-10-23,0.356572
2022-10-24,0.824314
2022-10-25,0.76491
2022-10-26,0.791973
2022-10-27,0.819119
2022-10-28,0.78163
2022-10-29,0.561667
2022-10-30,0.258053
2022-10-31,0.78677
2022-11-01,0.793024
2022-11-02,0.369231
2022-11-03,0.827619
2022-11-04,0.817033
2022-11-05,0.568644
2022-11-06,0.356572
2022-11-07,0.844139
2022-11-08,0.845218
2022-11-09,0.84634
2022-11-10,0.838969
2022-11-11,0.79928
2022-11-12,0.484644
2022-11-13,0.37556
2022-11-14,0.785712
2022-11-15,0.393641
2022-11-16,0.84634
2022-11-17,0.830576
2022-11-18,0.79928
2022-11-19,0.567981
2022-11-20,0.362901
2022-11-21,0.818054
2022-11-22,0.791973
2022-11-23,0.813985
2022-11-24,0.838969
2022-11-25,0.840098
2022-11-26,0.607934
2022-11-27,0.37556
2022-11-28,0.853739
2022-11-29,0.833858
2022-11-30,0.832721
2022-12-01,0.859976
2022-12-02,0.820228
2022-12-03,0.581973
2022-12-04,0.343916
2022-12-05,0.831627
2022-12-06,0.84634
2022-12-07,0.854938
2022-12-08,0.52315
2022-12-09,0.739829
2022-12-10,0.574953
2022-12-11,0.374474
2022-12-12,0.868621
2022-12-13,0.867397
2022-12-14,0.888538
2022-12-15,0.88107
2022-12-16,0.838969
2022-12-17,0.561667
2022-12-18,0.362482
2022-12-19,0.827619
2022-12-20,0.813985
2022-12-21,0.793024
2022-12-22,0.787874
2022-12-23,0.735665
2022-12-24,0.535784
2022-12-25,0.267499
2022-12-26,0.727296
2022-12-27,0.748168
2022-12-28,0.75043
2022-12-29,0.754422
2022-12-30,0.695986
2022-12-31,0.471448
2023-01-01,0.258053
2023-01-02,0.653608
2023-01-03,0.720038
2023-01-04,0.748168
2023-01-05,0.740848
2023-01-06,0.71582
2023-01-07,0.535219
2023-01-08,0.338132
2023-01-09,0.811795
2023-01-10,0.793024
2023-01-11,0.813985
2023-01-12,0.79928
2023-01-13,0.793024
2023-01-14,0.588276
2023-01-15,0.332465
2023-01-16,0.78677
2023-01-17,0.822578
2023-01-18,0.732584
2023-01-19,0.759634
2023-01-20,0.746098
2023-01-21,0.536416
2023-01-22,0.344451
2023-01-23,0.867397
2023-01-24,0.832721
2023-01-25,0.835038
2023-01-26,0.840098
2023-01-27,0.847504
2023-01-28,0.580612
2023-01-29,0.345083
2023-01-30,0.878695
2023-01-31,0.859976
2023-02-01,0.868621
2023-02-02,0.868621
2023-02-03,0.859976
2023-02-04,0.593883
2023-02-05,0.362901
2023-02-06,0.804501
2023-02-07,0.826474
2023-02-08,0.851469
2023-02-09,0.882319
2023-02-10,0.853739
2023-02-11,0.587572
2023-02-12,0.356572
2023-02-13,0.894758
2023-02-14,0.899756
2023-02-15,0.900981
2023-02-16,0.868621
2023-02-17,0.832721
2023-02-18,0.535219
2023-02-19,0.345083
2023-02-20,0.355437
2023-02-21,0.344451
2023-02-22,0.693062
2023-02-23,0.900981
2023-02-24,0.88107
2023-02-25,0.587572
2023-02-26,0.375153
2023-02-27,0.927118
2023-02-28,0.912221
2023-03-01,0.905987
2023-03-02,0.878695
2023-03-03,0.88107
2023-03-04,0.60719
2023-03-05,0.362901
2023-03-06,0.912221
2023-03-07,0.915966
2023-03-08,0.893526
2023-03-09,0.887297
2023-03-10,0.853739
2023-03-11,0.580612
2023-03-12,0.369231
2023-03-13,0.911051
2023-03-14,0.899756
2023-03-15,0.927118
2023-03-16,0.813985
2023-03-17,0.812867
2023-03-18,0.515734
2023-03-19,0.339512
2023-03-20,0.847504
2023-03-21,0.808843
2023-03-22,0.757689
2023-03-23,0.826474
2023-03-24,0.818054
2023-03-25,0.554741
2023-03-26,0.343916
2023-03-27,0.84634
2023-03-28,0.866214
2023-03-29,0.862917
2023-03-30,0.783732
2023-03-31,0.831627
2023-04-01,0.566844
2023-04-02,0.351393
2023-04-03,0.886097
2023-04-04,0.849368
2023-04-05,0.789094
2023-04-06,0.691371
2023-04-07,0.287446
2023-04-08,0.548421
2023-04-09,0.339512
2023-04-10,0.862917
2023-04-11,0.831627
2023-04-12,0.89007
2023-04-13,0.829569
2023-04-14,0.722126
2023-04-15,0.579031
2023-04-16,0.326921
2023-04-17,0.845218
2023-04-18,0.863974
2023-04-19,0.911051
2023-04-20,0.892334
2023-04-21,0.412673
2023-04-22,0.580023
2023-04-23,0.362901
2023-04-24,0.863974
2023-04-25,0.824314
2023-04-26,0.785712
2023-04-27,0.858828
2023-04-28,0.857721
2023-04-29,0.573702
2023-04-30,0.369231
2023-05-01,0.356147
2023-05-02,0.893526
2023-05-03,0.897427
2023-05-04,0.899756
2023-05-05,0.863974
2023-05-06,0.592668
2023-05-07,0.356572
2023-05-08,0.891182
2023-05-09,0.889
2023-05-10,0.883819
2023-05-11,0.865073
2023-05-12,0.935426
2023-05-13,0.599562
2023-05-14,0.344451
2023-05-15,0.912221
2023-05-16,0.892334
2023-05-17,0.84634
2023-05-18,0.830576
2023-05-19,0.771183
2023-05-20,0.567981
2023-05-21,0.343916
2023-05-22,0.853739
2023-05-23,0.857721
2023-05-24,0.845218
2023-05-25,0.845218
2023-05-26,0.825372
2023-05-27,0.566369
2023-05-28,0.35539
2023-05-29,0.757689
2023-05-30,0.825372
2023-05-31,0.837882
2023-06-01,0.833858
2023-06-02,0.824314
2023-06-03,0.581973
2023-06-04,0.343916
2023-06-05,0.844139
2023-06-06,0.851469
2023-06-07,0.866214
2023-06-08,0.586928
2023-06-09,0.749644
2023-06-10,0.502234
2023-06-11,0.237247
2023-06-12,0.737064
2023-06-13,0.778431
2023-06-14,0.76491
2023-06-15,0.763968
2023-06-16,0.74422
2023-06-17,0.495577
2023-06-18,0.314336
2023-06-19,0.763968
2023-06-20,0.783732
2023-06-21,0.745134
2023-06-22,0.664658
2023-06-23,0.533919
2023-06-24,0.239664
2023-06-25,0.313549
2023-06-26,0.663341
2023-06-27,0.697668
2023-06-28,0.645743
2023-06-29,0.664658
2023-06-30,0.571947
2023-07-01,0.450738
2023-07-02,0.343916
2023-07-03,0.645039
2023-07-04,0.657024
2023-07-05,0.689888
2023-07-06,0.631157
2023-07-07,0.586345
2023-07-08,0.456968
2023-07-09,0.314336
2023-07-10,0.7182
2023-07-11,0.711914
2023-07-12,0.419017
2023-07-13,0.710264
2023-07-14,0.711914
2023-07-15,0.520699
2023-07-16,0.308951
2023-07-17,0.691371
2023-07-18,0.78352
2023-07-19,0.729944
2023-07-20,0.691371
2023-07-21,0.664658
2023-07-22,0.488986
2023-07-23,0.315226
2023-07-24,0.677272
2023-07-25,0.67878
2023-07-26,0.7182
2023-07-27,0.722863
2023-07-28,0.685075
2023-07-29,0.49515
2023-07-30,0.832163
2023-07-31,0.711914
2023-08-01,0.763968
2023-08-02,0.778431
2023-08-03,0.721032
2023-08-04,0.67878
2023-08-05,0.343916
2023-08-06,0.320627
2023-08-07,0.731655
2023-08-08,0.720038
2023-08-09,0.742536
2023-08-10,0.719094
2023-08-11,0.643799
2023-08-12,0.476301
2023-08-13,0.308046
2023-08-14,0.65135
2023-08-15,0.663972
2023-08-16,0.699345
2023-08-17,0.7182
2023-08-18,0.684301
2023-08-19,0.450584
2023-08-20,0.301759
2023-08-21,0.738859
2023-08-22,0.74422
2023-08-23,0.745134
2023-08-24,0.745134
2023-08-25,0.737937
2023-08-26,0.49515
2023-08-27,0.327783
2023-08-28,0.824314
2023-08-29,0.8233
2023-08-30,0.785712
2023-08-31,0.791973
2023-09-01,0.755935
2023-09-02,0.547378
2023-09-03,0.315226
2023-09-04,0.777457
2023-09-05,0.77653
2023-09-06,0.756789
2023-09-07,0.320627
2023-09-08,0.626112
2023-09-09,0.482643
2023-09-10,0.314336
2023-09-11,0.763968
2023-09-12,0.76491
2023-09-13,0.743353
2023-09-14,0.731655
2023-09-15,0.703965
2023-09-16,0.501671
2023-09-17,0.314336
2023-09-18,0.476116
2023-09-19,0.763074
2023-09-20,0.763074
2023-09-21,0.7182
2023-09-22,0.732584
2023-09-23,0.502234
2023-09-24,0.326158
2023-09-25,0.782811
2023-09-26,0.830576
2023-09-27,0.874845
2023-09-28,0.833858
2023-09-29,0.923496
2023-09-30,0.533919
2023-10-01,0.332465
2023-10-02,0.815123
2023-10-03,0.829569
2023-10-04,0.808843
2023-10-05,0.817033
2023-10-06,0.829569
2023-10-07,0.548421
2023-10-08,0.344451
2023-10-09,0.845218
2023-10-10,0.830576
2023-10-11,0.824314
2023-10-12,0.37461
2023-10-13,0.677999
2023-10-14,0.503079
2023-10-15,0.338132
2023-10-16,0.791973
2023-10-17,0.816056
2023-10-18,0.79928
2023-10-19,0.811795
2023-10-20,0.785712
2023-10-21,0.541049
2023-10-22,0.338773
2023-10-23,0.8233
2023-10-24,0.834882
2023-10-25,0.832721
2023-10-26,0.863974
2023-10-27,0.824314
2023-10-28,
2023-10-29,
2023-10-30,
2023-10-31,0.32248
2023-11-01,0.830576
2023-11-02,0.357091
2023-11-03,0.765898
2023-11-04,0.568644
2023-11-05,0.356572
2023-11-06,0.872454
2023-11-07,0.884938
2023-11-08,0.884938
2023-11-09,0.872454
2023-11-10,0.832721
2023-11-11,0.573702
2023-11-12,0.345083
2023-11-13,0.88107
2023-11-14,
2023-11-15,
2023-11-16,0.329803
2023-11-17,0.847504
2023-11-18,0.568644
2023-11-19,0.369231
2023-11-20,0.88107
2023-11-21,0.899756
2023-11-22,0.912221
2023-11-23,0.891182
2023-11-24,0.88107
2023-11-25,0.580612
2023-11-26,0.356572
2023-11-27,0.730775
2023-11-28,0.746098
2023-11-29,0.714768
2023-11-30,0.720038
2023-12-01,
2023-12-02,
2023-12-03,
2023-12-04,
2023-12-05,
2023-12-06,0.287446
2023-12-07,0.746098
2023-12-08,0.451202
2023-12-09,0.484099
2023-12-10,0.903673
2023-12-11,0.733562
2023-12-12,0.774266
2023-12-13,0.748168
2023-12-14,0.714768
2023-12-15,0.65135
2023-12-16,0.457274
2023-12-17,0.355816
2023-12-18,0.720038
2023-12-19,0.720038
2023-12-20,0.664658
2023-12-21,
2023-12-22,
2023-12-23,
2023-12-24,
2023-12-25,0.245275
2023-12-26,0.593245
2023-12-27,0.626112
2023-12-28,0.637563
2023-12-29,0.583577
2023-12-30,0.419882
2023-12-31,0.294645
2024-01-01,0.223632
2024-01-02,0.588276
2024-01-03,0.629345
2024-01-04,0.647317
2024-01-05,0.641028
2024-01-06,0.446153
2024-01-07,0.332465
2024-01-08,0.721032
2024-01-09,0.733562
2024-01-10,0.76491
2024-01-11,0.628452
2024-01-12,0.601635
2024-01-13,0.4588
2024-01-14,0.314336
2024-01-15,0.732584
2024-01-16,0.701228
2024-01-17,0.721032
2024-01-18,0.720038
2024-01-19,0.707497
2024-01-20,0.45155
2024-01-21,0.332465
2024-01-22,0.758638
2024-01-23,0.779451
2024-01-24,0.787874
2024-01-25,0.779451
2024-01-26,0.773192
2024-01-27,0.484099
2024-01-28,0.326921
2024-01-29,0.249339
2024-01-30,
2024-01-31,
2024-02-01,
2024-02-02,
2024-02-03,
2024-02-04,
2024-02-05,
2024-02-06,
2024-02-07,
2024-02-08,0.934604
2024-02-09,0.915966
2024-02-10,0.580612
2024-02-11,0.343916
2024-02-12,0.357091
2024-02-13,0.350771
2024-02-14,0.745134
2024-02-15,0.863974
2024-02-16,0.738859
2024-02-17,0.580023
2024-02-18,0.376058
2024-02-19,0.927118
2024-02-20,0.94082
2024-02-21,0.919657
2024-02-22,0.932115
2024-02-23,0.912221
2024-02-24,0.581262
2024-02-25,0.369231
2024-02-26,0.898571
2024-02-27,0.863974
2024-02-28,0.870229
2024-02-29,0.886097
2024-03-01,0.937167
2024-03-02,0.587572
2024-03-03,0.393858
2024-03-04,0.954535
2024-03-05,0.990604
2024-03-06,0.944579
2024-03-07,0.959478
2024-03-08,0.915966
2024-03-09,0.606506
2024-03-10,0.369231
2024-03-11,0.9657
2024-03-12,0.998059
2024-03-13,0.953257
2024-03-14,0.943407
2024-03-15,0.863974
2024-03-16,0.575671
2024-03-17,0.381891
2024-03-18,0.970705
2024-03-19,0.9657
2024-03-20,0.947038
2024-03-21,0.9657
2024-03-22,0.955891
2024-03-23,0.581262
2024-03-24,0.393511
2024-03-25,0.9657
2024-03-26,0.988208
2024-03-27,0.849368
2024-03-28,0.746098
2024-03-29,0.308046
2024-03-30,0.547867
2024-03-31,0.357091
2024-04-01,0.91343
2024-04-02,0.960748
2024-04-03,0.966963
2024-04-04,0.942114
2024-04-05,0.898571
2024-04-06,0.601635
2024-04-07,0.387826
2024-04-08,0.960748
2024-04-09,0.947038
2024-04-10,0.912221
2024-04-11,0.955852
2024-04-12,0.937167
2024-04-13,0.592668
2024-04-14,0.369231
2024-04-15,0.960748
2024-04-16,0.9657
2024-04-17,0.922177
2024-04-18,0.920897
2024-04-19,0.923658
2024-04-20,0.533619
2024-04-21,0.357704
2024-04-22,0.892334
2024-04-23,0.912221
2024-04-24,0.944579
2024-04-25,0.948324
2024-04-26,0.878695
2024-04-27,0.612199
2024-04-28,0.34581
2024-04-29,0.829569
2024-04-30,0.863974
2024-05-01,0.375153
2024-05-02,0.912221
2024-05-03,0.876485
2024-05-04,0.587572
2024-05-05,0.369231
2024-05-06,0.947038
2024-05-07,0.903673
2024-05-08,1.098487
2024-05-09,0.878695
2024-05-10,0.837882
2024-05-11,0.593245
2024-05-12,0.357091
2024-05-13,0.932115
2024-05-14,0.92839
2024-05-15,0.938346
2024-05-16,0.918455
2024-05-17,0.775649
2024-05-18,0.555353
2024-05-19,0.369231
2024-05-20,0.884938
2024-05-21,0.912221
2024-05-22,0.891182
2024-05-23,0.836839
2024-05-24,0.785712
2024-05-25,0.528895
2024-05-26,0.332465
2024-05-27,0.919331
2024-05-28,0.708817
2024-05-29,0.757689
2024-05-30,0.520699
2024-05-31,0.664658
2024-06-01,0.533919
2024-06-02,0.332465
2024-06-03,0.743353
2024-06-04,0.783732
2024-06-05,0.829569
2024-06-06,0.832721
2024-06-07,0.829569
2024-06-08,0.567381
2024-06-09,0.333215
2024-06-10,0.812867
2024-06-11,0.845218
2024-06-12,0.809782
2024-06-13,0.8233
2024-06-14,0.797238
2024-06-15,0.495898
2024-06-16,0.30996
2024-06-17,0.784699
2024-06-18,0.79928
2024-06-19,0.743353
2024-06-20,0.759634
2024-06-21,0.699345
2024-06-22,0.469958
2024-06-23,0.30996
2024-06-24,0.255402
2024-06-25,0.751411
2024-06-26,0.763968
2024-06-27,0.74422
2024-06-28,0.737937
2024-06-29,0.483226
2024-06-30,0.338773
2024-07-01,0.751411
2024-07-02,0.691371
2024-07-03,0.652047
2024-07-04,0.685075
2024-07-05,0.689888
2024-07-06,0.482643
2024-07-07,0.332465
2024-07-08,0.729944
2024-07-09,0.757689
2024-07-10,0.772164
2024-07-11,0.710264
2024-07-12,0.663341
2024-07-13,0.457083
2024-07-14,0.314336
2024-07-15,0.698481
2024-07-16,0.7182
2024-07-17,0.737064
2024-07-18,0.698481
2024-07-19,0.663972
2024-07-20,0.469958
2024-07-21,0.315226
2024-07-22,0.670965
2024-07-23,0.6528
2024-07-24,0.586345
2024-07-25,0.378408
2024-07-26,0.373446
2024-07-27,0.491639
2024-07-28,0.331999
2024-07-29,0.760465
2024-07-30,0.739035
2024-07-31,0.73974
2024-08-01,0.726288
2024-08-02,0.71123
2024-08-03,0.427786
2024-08-04,0.316742
2024-08-05,0.323295
2024-08-06,0.728126
2024-08-07,0.727186
2024-08-08,0.711693
2024-08-09,0.676664
2024-08-10,0.449618
2024-08-11,0.319167
2024-08-12,0.735977
2024-08-13,0.808639
2024-08-14,0.781701
2024-08-15,0.72631
2024-08-16,0.71857
2024-08-17,0.43599
2024-08-18,0.330865
2024-08-19,0.700831
2024-08-20,0.734924
2024-08-21,0.765042
2024-08-22,0.747902
2024-08-23,0.762901
2024-08-24,0.512373
2024-08-25,0.327469
2024-08-26,0.753555
2024-08-27,0.754349
2024-08-28,0.707917
2024-08-29,0.711146
2024-08-30,0.720341
2024-08-31,0.485689
2024-09-01,0.323922
2024-09-02,0.716346
2024-09-03,0.466545
2024-09-04,0.563693
2024-09-05,0.636555
2024-09-06,0.705472
2024-09-07,0.354189
2024-09-08,0.348998
2024-09-09,0.756032
2024-09-10,0.778371
2024-09-11,0.704027
2024-09-12,0.702393
2024-09-13,0.678985
2024-09-14,0.527549
2024-09-15,0.33513
2024-09-16,0.474744
2024-09-17,0.778833
2024-09-18,0.772003
2024-09-19,0.755897
2024-09-20,0.735637
2024-09-21,0.473834
2024-09-22,0.326456
2024-09-23,0.743239
2024-09-24,0.810082
2024-09-25,0.802852
2024-09-26,0.791661
2024-09-27,0.782476
2024-09-28,0.575559
2024-09-29,0.385261
2024-09-30,0.817242
2024-10-01,0.835613
2024-10-02,0.770167
2024-10-03,0.775863
2024-10-04,0.732556
2024-10-05,0.557355
2024-10-06,0.329227
2024-10-07,0.75999
2024-10-08,0.805963
2024-10-09,0.79965
2024-10-10,
2024-10-11,0.304694
2024-10-12,0.420993
2024-10-13,0.352035
2024-10-14,0.820558
2024-10-15,0.805663
2024-10-16,0.828187
2024-10-17,0.812433
2024-10-18,0.794266
2024-10-19,0.519639
2024-10-20,0.358839
2024-10-21,0.789485
2024-10-22,0.827137
2024-10-23,0.805772
2024-10-24,0.783626
2024-10-25,0.750323
2024-10-26,0.569119
2024-10-27,0.37942
2024-10-28,0.804113
2024-10-29,0.845786
2024-10-30,0.811399
2024-10-31,0.790618
2024-11-01,0.734904
2024-11-02,0.365573
2024-11-03,0.363469
2024-11-04,0.795984
2024-11-05,0.832455
2024-11-06,0.811621
2024-11-07,0.826409
2024-11-08,0.886743
2024-11-09,0.616669
2024-11-10,0.371524
2024-11-11,0.848234
2024-11-12,0.86439
2024-11-13,0.858455
2024-11-14,0.80147
2024-11-15,0.448903
2024-11-16,0.543336
2024-11-17,0.342913
2024-11-18,0.83381
2024-11-19,0.85457
2024-11-20,0.523523
2024-11-21,0.883485
2024-11-22,0.849078
2024-11-23,0.567413
2024-11-24,0.380967
2024-11-25,0.8965
2024-11-26,0.896517
2024-11-27,0.869507
2024-11-28,0.867626
2024-11-29,0.839816
2024-11-30,0.557445
2024-12-01,0.384768
2024-12-02,0.848161
2024-12-03,0.868139
2024-12-04,0.887386
2024-12-05,0.833284
2024-12-06,0.808487
2024-12-07,0.58808
2024-12-08,0.369352
2024-12-09,0.846511
2024-12-10,0.880638
2024-12-11,0.875858
2024-12-12,0.876662
2024-12-13,0.849645
2024-12-14,0.636869
2024-12-15,0.43259
2024-12-16,0.879555
2024-12-17,0.861779
2024-12-18,0.870919
2024-12-19,0.862777
2024-12-20,0.757817
2024-12-21,0.576011
2024-12-22,0.378955
2024-12-23,0.732404
2024-12-24,0.611045
2024-12-25,0.273894
2024-12-26,0.715224
2024-12-27,0.718495
2024-12-28,0.54349
2024-12-29,0.358718
2024-12-30,0.691268
2024-12-31,0.286962
